<?xml version="1.0" encoding="UTF-8"?>
<blueprint xmlns="http://www.osgi.org/xmlns/blueprint/v1.0.0"
	xmlns:xsi="http://www.w3.org/2001/XMLSchema-instance" xmlns:camel="http://camel.apache.org/schema/blueprint"
	xmlns:cxf="http://camel.apache.org/schema/blueprint/cxf" xmlns:jaxrs="http://cxf.apache.org/jaxrs"
	xsi:schemaLocation="
       http://www.osgi.org/xmlns/blueprint/v1.0.0 http://www.osgi.org/xmlns/blueprint/v1.0.0/blueprint.xsd
       http://cxf.apache.org/jaxrs http://cxf.apache.org/schemas/jaxrs.xsd
       http://camel.apache.org/schema/blueprint/cxf http://camel.apache.org/schema/blueprint/cxf/camel-cxf.xsd
       http://camel.apache.org/schema/blueprint http://camel.apache.org/schema/blueprint/camel-blueprint.xsd">

	<cxf:rsServer id="sugarEndpoint" address="http://localhost:9191/cxf/sugar"
		serviceClass="SugarCRMAccountGet.camel.blueprint.SugarService">
		<cxf:providers>
			<bean class="com.fasterxml.jackson.jaxrs.json.JacksonJsonProvider" />
			<bean class="com.fasterxml.jackson.jaxrs.xml.JacksonJaxbXMLProvider" />
		</cxf:providers>
	</cxf:rsServer>

	<cxf:rsClient id="getAccountEndpoint"
		address="https://jrqmeb6048.trial.sugarcrm.eu/rest/v10/Accounts/"
		serviceClass="SugarCRMAccountGet.camel.blueprint.SugarService">
		<cxf:providers>
			<bean class="com.fasterxml.jackson.jaxrs.json.JacksonJsonProvider" />
			<bean class="com.fasterxml.jackson.jaxrs.xml.JacksonJaxbXMLProvider" />
		</cxf:providers>
	</cxf:rsClient>

	<cxf:rsClient id="createAccountEndpoint"
		address="https://jrqmeb6048.trial.sugarcrm.eu/rest/v10/Accounts/"
		serviceClass="SugarCRMAccountGet.camel.blueprint.SugarService">
		<cxf:providers>
			<bean class="com.fasterxml.jackson.jaxrs.json.JacksonJsonProvider" />
			<bean class="com.fasterxml.jackson.jaxrs.xml.JacksonJaxbXMLProvider" />
		</cxf:providers>
	</cxf:rsClient>

	<cxf:rsClient id="sugarGetEndpoint"
		address="http://jrqmeb6048.trial.sugarcrm.eu/rest/v10/oauth2/token"
		serviceClass="org.blogdemo.claimdemo.SugarPrvService">
		<cxf:providers>
			<bean class="com.fasterxml.jackson.jaxrs.json.JacksonJsonProvider" />
			<bean class="com.fasterxml.jackson.jaxrs.xml.JacksonJaxbXMLProvider" />
		</cxf:providers>
	</cxf:rsClient>

	<bean id="tokenRetrieve" class="SugarCRMAccountGet.camel.blueprint.TokenRetrieve" />
	<bean id="getProcessor" class="SugarCRMAccountGet.camel.blueprint.GetProcessor" />
	<bean id="postProcessor" class="SugarCRMAccountGet.camel.blueprint.PostProcessor" />
	<bean id="setAccountIDProcessor"
		class="SugarCRMAccountGet.camel.blueprint.SetAccountIDProcessor" />

	<bean id="accountCreationRequest"
		class="SugarCRMAccountGet.camel.blueprint.AccountCreationRequest" />
		
		
	<bean id="storeInputRequestProcessor"
		class="SugarCRMAccountGet.camel.blueprint.StoreInputRequestProcessor" />

	<camelContext xmlns="http://camel.apache.org/schema/blueprint">
		<route>
			<from uri="cxfrs:bean:sugarEndpoint" />
			<log message="${header.operationName}" />
			<choice>
				<when>
					<simple>${header.operationName} == "getAccountDetails"</simple>
					<setProperty propertyName="RequestId">
						<simple>${bodyAs(String)}</simple>
					</setProperty>
					<bean ref="tokenRetrieve" method="getToken" />
					<process ref="getProcessor" />
					<log message="OAuth-Token= ${property.OAuth-Token}" />
					<setHeader headerName="Content-Type">
						<constant>application/json</constant>
					</setHeader>
					<setHeader headerName="Content-Type">
						<constant>application/json</constant>
					</setHeader>

					<setBody>
						<simple>${property.RequestId}</simple>
					</setBody>
					<log message="body= after ca ${body}" loggingLevel="DEBUG" />

					<setHeader headerName="CamelHttpUri">
						<simple>http://jrqmeb6048.trial.sugarcrm.eu/rest/v10/Accounts/${property.RequestId}?fields=name%2Cdate_entered%2Cdate_modified%2Cmodified_user_id%2C</simple>
					</setHeader>

					<to uri="http://dummyhost" />
				</when>
				<when>
					<simple>${header.operationName} == "createAccount"</simple>
					
					<process ref="storeInputRequestProcessor" />
					<bean ref="tokenRetrieve" method="getToken" />
					<process ref="postProcessor" />
					<log message="OAuth-Token= ${property.OAuth-Token}" />
					<setHeader headerName="Content-Type">
						<constant>application/json</constant>
					</setHeader>
					<to uri="cxfrs:bean:createAccountEndpoint" />


				</when>
			</choice>
		</route>
	</camelContext>

</blueprint>
