<?xml version="1.0" encoding="UTF-8"?>
<beans xmlns="http://www.springframework.org/schema/beans"
	xmlns:camel="http://camel.apache.org/schema/spring" xmlns:cxf="http://camel.apache.org/schema/cxf"
	xmlns:xsi="http://www.w3.org/2001/XMLSchema-instance" xmlns:jaxws="http://cxf.apache.org/jaxws"
	xmlns:jaxrs="http://cxf.apache.org/jaxrs"

	xsi:schemaLocation="http://www.springframework.org/schema/beans http://www.springframework.org/schema/beans/spring-beans-3.0.xsd
       http://camel.apache.org/schema/cxf http://camel.apache.org/schema/cxf/camel-cxf.xsd
       http://camel.apache.org/schema/spring http://camel.apache.org/schema/spring/camel-spring.xsd
	   http://cxf.apache.org/jaxws 
	   http://cxf.apache.org/schemas/jaxws.xsd 
	   http://cxf.apache.org/jaxrs 
	   http://cxf.apache.org/schemas/jaxrs.xsd">

	<cxf:cxfEndpoint id="claimEndpoint" address="/claim"
		serviceClass="org.blogdemo.claimdemo.ClaimService" />


	<cxf:rsServer id="statusEndpoint" address="/client"
		serviceClass="org.blogdemo.claimdemo.StatusService"
		loggingFeatureEnabled="true" loggingSizeLimit="20">
		<cxf:providers>
			<bean class="com.fasterxml.jackson.jaxrs.json.JacksonJsonProvider" />
			<bean class="com.fasterxml.jackson.jaxrs.xml.JacksonJaxbXMLProvider" />
		</cxf:providers>
	</cxf:rsServer>

	<cxf:rsClient id="ospEndpoint"
		address="http://localhost:8082/WayneEnt/api/policy" serviceClass="org.blogdemo.claimdemo.OspService"
		loggingFeatureEnabled="true" loggingSizeLimit="20">
		<cxf:providers>
			<bean class="com.fasterxml.jackson.jaxrs.json.JacksonJsonProvider" />
			<bean class="com.fasterxml.jackson.jaxrs.xml.JacksonJaxbXMLProvider" />
		</cxf:providers>
	</cxf:rsClient>


	<cxf:rsClient id="ospEndpoint2"
		address="http://localhost:8082/AcmeInc/api/policy" serviceClass="org.blogdemo.claimdemo.OspService"
		loggingFeatureEnabled="true" loggingSizeLimit="20">
		<cxf:providers>
			<bean class="com.fasterxml.jackson.jaxrs.json.JacksonJsonProvider" />
			<bean class="com.fasterxml.jackson.jaxrs.xml.JacksonJaxbXMLProvider" />
		</cxf:providers>
	</cxf:rsClient>



	<bean id="claimProcessor" class="org.blogdemo.claimdemo.ClaimProcessor" />
	<bean id="requestProcessor" class="org.blogdemo.claimdemo.RequestProcessor" />
	<bean id="requestProcessorUpdate" class="org.blogdemo.claimdemo.RequestProcessorUpdate" />

	<!-- <bean id="camelTracer" class="org.apache.camel.processor.interceptor.Tracer"> 
		<property name="traceOutExchanges" value="true" /> </bean> <bean id="traceFormatter" 
		class="org.apache.camel.processor.interceptor.DefaultTraceFormatter"> /> 
		</bean> -->
	<camelContext trace="false" id="camelContext"
		xmlns="http://camel.apache.org/schema/spring">

		<route>
		
		<!--  	<from uri="cxfrs:bean:statusEndpoint?bindingStyle=SimpleConsumer" />-->
		    
		   <from uri="servlet:///client/"/>
			<log message="${header.operationName}" />
			<choice>
				<when>
					<simple>${header.operationName} == "status1" and ${bodyAs(String)} 
					regex '1\d*'</simple>
					<setHeader headerName="Content-Type">
						<constant>application/json</constant>
					</setHeader>
					<setBody>
						<simple>${bodyAs(String)}</simple>
					</setBody>
					<process ref="requestProcessor" />
					<log message="body= after ca ${body}" loggingLevel="DEBUG" />
					
					<to uri="http://localhost:8082/WayneEnt/api/policy" />
					<log message="body= after ca ${body}" loggingLevel="DEBUG" />
					<setHeader headerName="Access-Control-Allow-Origin">
						<constant>*</constant>
					</setHeader>
					<setHeader headerName="Access-Control-Allow-Methods">
						<constant>GET, POST, PUT</constant>
					</setHeader>
					<setHeader headerName="Access-Control-Max-Age">
						<constant>3600</constant>
					</setHeader>
					<setHeader headerName="Access-Control-Allow-Headers">
						<constant>Origin, Accept, X-Requested-With, Content-Type, Access-Control-Request-Method, 
					Access-Control-Request-Headers</constant>
					</setHeader>
					<marshal>
						<json prettyPrint="true" library="Jackson" />
					</marshal>
				</when>
				<when>
					<simple>${header.operationName} == "status1" and  ${bodyAs(String)} regex '2\d*'</simple>
					<setHeader headerName="Content-Type">
						<constant>application/json</constant>
					</setHeader>
					<setBody>
						<simple>${bodyAs(String)}</simple>
					</setBody>
					<process ref="requestProcessor" />
					<to uri="http://localhost:8082/AcmeInc/api/policy" />
					<log message="body=  after ca ${body}" loggingLevel="DEBUG" />
					<setHeader headerName="Access-Control-Allow-Origin">
						<constant>*</constant>
					</setHeader>
					<setHeader headerName="Access-Control-Allow-Methods">
						<constant>GET, POST, PUT</constant>
					</setHeader>
					<setHeader headerName="Access-Control-Max-Age">
						<constant>3600</constant>
					</setHeader>
					<setHeader headerName="Access-Control-Allow-Headers">
						<constant>Origin, Accept, X-Requested-With, Content-Type, Access-Control-Request-Method, Access-Control-Request-Headers</constant>
					</setHeader>
					<marshal>
						<json prettyPrint="true" library="Jackson" />
					</marshal>
				</when>
			</choice>
		</route>
	</camelContext>


</beans>
