<?xml version="1.0" encoding="UTF-8"?>
<!-- Configures the Camel Context-->

<beans xmlns="http://www.springframework.org/schema/beans"
       xmlns:xsi="http://www.w3.org/2001/XMLSchema-instance"
       xmlns:camel="http://camel.apache.org/schema/spring"
       xmlns:cxf="http://camel.apache.org/schema/cxf"
       
       xsi:schemaLocation="
       http://www.springframework.org/schema/beans http://www.springframework.org/schema/beans/spring-beans.xsd
       http://camel.apache.org/schema/cxf http://camel.apache.org/schema/cxf/camel-cxf.xsd
       http://camel.apache.org/schema/spring http://camel.apache.org/schema/spring/camel-spring.xsd">

 <cxf:rsServer id="clientEndpoint" address="/client" serviceClass="PolDtlsRtvl.camel.spring.PolicyService" /> 

  <bean id="policyProcess" class="PolDtlsRtvl.camel.spring.PolicyProcess" />
  
  <camelContext trace="false" xmlns="http://camel.apache.org/schema/spring">
  <route id="Policy">
    <from uri="cxfrs:bean:clientEndpoint"/>
    <recipientList>
      <simple>direct:${header.operationName}</simple>
    </recipientList>
    <marshal>
      <json prettyPrint="true" library="Jackson"/>
    </marshal>
  </route>
  <route id="getDetails">
    <from uri="direct:getPolicyDetails"/>
    <bean ref="policyProcess" method="status"/>
  </route>
</camelContext>

</beans>
